gutenberg_id,short_title,character,genre,year
1500,"Henry VI, Part 1",BASSET,History,1592
1500,"Henry VI, Part 1",BASTARD,History,1592
1500,"Henry VI, Part 1",BEDFORD,History,1592
1500,"Henry VI, Part 1",BOY,History,1592
1500,"Henry VI, Part 1",BURGUNDY,History,1592
1500,"Henry VI, Part 1",CAPTAIN,History,1592
1500,"Henry VI, Part 1",CHARLES,History,1592
1500,"Henry VI, Part 1",COUNTESS,History,1592
1500,"Henry VI, Part 1",EXETER,History,1592
1500,"Henry VI, Part 1",FASTOLF,History,1592
1500,"Henry VI, Part 1",FIRST JAILER,History,1592
1500,"Henry VI, Part 1",FIRST SENTINEL,History,1592
1500,"Henry VI, Part 1",FIRST SERVINGMAN,History,1592
1500,"Henry VI, Part 1",FIRST SOLDIER,History,1592
1500,"Henry VI, Part 1",FIRST WARDER,History,1592
1500,"Henry VI, Part 1",GARGRAVE,History,1592
1500,"Henry VI, Part 1",GENERAL,History,1592
1500,"Henry VI, Part 1",GLANSDALE,History,1592
1500,"Henry VI, Part 1",GLOUCESTER,History,1592
1500,"Henry VI, Part 1",JOHN TALBOT,History,1592
1500,"Henry VI, Part 1",KING HENRY,History,1592
1500,"Henry VI, Part 1",LAWYER,History,1592
1500,"Henry VI, Part 1",LEGATE,History,1592
1500,"Henry VI, Part 1",LUCY,History,1592
1500,"Henry VI, Part 1",MARGARET,History,1592
1500,"Henry VI, Part 1",MASTER GUNNER,History,1592
1500,"Henry VI, Part 1",MAYOR,History,1592
1500,"Henry VI, Part 1",MESSENGER,History,1592
1500,"Henry VI, Part 1",MORTIMER,History,1592
1500,"Henry VI, Part 1",OFFICER,History,1592
1500,"Henry VI, Part 1",PLANTAGENET,History,1592
1500,"Henry VI, Part 1",PORTER,History,1592
1500,"Henry VI, Part 1",PUCELLE,History,1592
1500,"Henry VI, Part 1",REIGNIER,History,1592
1500,"Henry VI, Part 1",SALISBURY,History,1592
1500,"Henry VI, Part 1",SCOUT,History,1592
1500,"Henry VI, Part 1",SECOND SERVINGMAN,History,1592
1500,"Henry VI, Part 1",SECOND WARDER,History,1592
1500,"Henry VI, Part 1",SENTINEL,History,1592
1500,"Henry VI, Part 1",SERGEANT,History,1592
1500,"Henry VI, Part 1",SERVANT,History,1592
1500,"Henry VI, Part 1",SERVINGMEN,History,1592
1500,"Henry VI, Part 1",SHEPHERD,History,1592
1500,"Henry VI, Part 1",SOLDIER,History,1592
1500,"Henry VI, Part 1",SOMERSET,History,1592
1500,"Henry VI, Part 1",SUFFOLK,History,1592
1500,"Henry VI, Part 1",TALBOT,History,1592
1500,"Henry VI, Part 1",THIRD SERVINGMAN,History,1592
1500,"Henry VI, Part 1",VERNON,History,1592
1500,"Henry VI, Part 1",WARWICK,History,1592
1500,"Henry VI, Part 1",WATCH,History,1592
1500,"Henry VI, Part 1",WINCHESTER,History,1592
1500,"Henry VI, Part 1",WOODVILLE,History,1592
1500,"Henry VI, Part 1",YORK,History,1592
1501,"Henry VI, Part 2",BEADLE,History,1591
1501,"Henry VI, Part 2",BEVIS,History,1591
1501,"Henry VI, Part 2",BOLINGBROKE,History,1591
1501,"Henry VI, Part 2",BROTHER,History,1591
1501,"Henry VI, Part 2",BUCKINGHAM,History,1591
1501,"Henry VI, Part 2",CADE,History,1591
1501,"Henry VI, Part 2",CARDINAL,History,1591
1501,"Henry VI, Part 2",CLERK,History,1591
1501,"Henry VI, Part 2",COMMONS,History,1591
1501,"Henry VI, Part 2",DICK,History,1591
1501,"Henry VI, Part 2",ELEANOR,History,1591
1501,"Henry VI, Part 2",GLOUCESTER,History,1591
1501,"Henry VI, Part 2",HERALD,History,1591
1501,"Henry VI, Part 2",HOLLAND,History,1591
1501,"Henry VI, Part 2",HORNER,History,1591
1501,"Henry VI, Part 2",HUME,History,1591
1501,"Henry VI, Part 2",KING HENRY,History,1591
1501,"Henry VI, Part 2",LIEUTENANT,History,1591
1501,"Henry VI, Part 2",MASTER,History,1591
1501,"Henry VI, Part 2",MATE,History,1591
1501,"Henry VI, Part 2",MAYOR,History,1591
1501,"Henry VI, Part 2",MESSENGER,History,1591
1501,"Henry VI, Part 2",MICHAEL,History,1591
1501,"Henry VI, Part 2",PETER,History,1591
1501,"Henry VI, Part 2",POST,History,1591
1501,"Henry VI, Part 2",QUEEN MARGARET,History,1591
1501,"Henry VI, Part 2",SALISBURY,History,1591
1501,"Henry VI, Part 2",SERVINGMEN,History,1591
1501,"Henry VI, Part 2",SHERIFF,History,1591
1501,"Henry VI, Part 2",SIMPCOX,History,1591
1501,"Henry VI, Part 2",SMITH,History,1591
1501,"Henry VI, Part 2",SOMERSET,History,1591
1501,"Henry VI, Part 2",SPIRIT,History,1591
1501,"Henry VI, Part 2",STAFFORD,History,1591
1501,"Henry VI, Part 2",STANLEY,History,1591
1501,"Henry VI, Part 2",SUFFOLK,History,1591
1501,"Henry VI, Part 2",TOWNSMAN,History,1591
1501,"Henry VI, Part 2",VAUX,History,1591
1501,"Henry VI, Part 2",WARWICK,History,1591
1501,"Henry VI, Part 2",WHITMORE,History,1591
1501,"Henry VI, Part 2",WIFE,History,1591
1501,"Henry VI, Part 2",YORK,History,1591
1502,"Henry VI, Part 3",BONA,History,1595
1502,"Henry VI, Part 3",CLIFFORD,History,1595
1502,"Henry VI, Part 3",EDWARD,History,1595
1502,"Henry VI, Part 3",EXETER,History,1595
1502,"Henry VI, Part 3",FATHER,History,1595
1502,"Henry VI, Part 3",GEORGE,History,1595
1502,"Henry VI, Part 3",HASTINGS,History,1595
1502,"Henry VI, Part 3",HUNTSMAN,History,1595
1502,"Henry VI, Part 3",KING EDWARD,History,1595
1502,"Henry VI, Part 3",KING HENRY,History,1595
1502,"Henry VI, Part 3",KING LEWIS,History,1595
1502,"Henry VI, Part 3",LADY GREY,History,1595
1502,"Henry VI, Part 3",LIEUTENANT,History,1595
1502,"Henry VI, Part 3",MAYOR,History,1595
1502,"Henry VI, Part 3",MESSENGER,History,1595
1502,"Henry VI, Part 3",MONTAGUE,History,1595
1502,"Henry VI, Part 3",MONTGOMERY,History,1595
1502,"Henry VI, Part 3",NOBLEMAN,History,1595
1502,"Henry VI, Part 3",NORFOLK,History,1595
1502,"Henry VI, Part 3",NORTHUMBERLAND,History,1595
1502,"Henry VI, Part 3",OXFORD,History,1595
1502,"Henry VI, Part 3",POST,History,1595
1502,"Henry VI, Part 3",PRINCE EDWARD,History,1595
1502,"Henry VI, Part 3",QUEEN ELIZABETH,History,1595
1502,"Henry VI, Part 3",QUEEN MARGARET,History,1595
1502,"Henry VI, Part 3",RICHARD,History,1595
1502,"Henry VI, Part 3",RIVERS,History,1595
1502,"Henry VI, Part 3",RUTLAND,History,1595
1502,"Henry VI, Part 3",SIR JOHN,History,1595
1502,"Henry VI, Part 3",SOLDIER,History,1595
1502,"Henry VI, Part 3",SOMERSET,History,1595
1502,"Henry VI, Part 3",SOMERVILLE,History,1595
1502,"Henry VI, Part 3",SON,History,1595
1502,"Henry VI, Part 3",TUTOR,History,1595
1502,"Henry VI, Part 3",WARWICK,History,1595
1502,"Henry VI, Part 3",WESTMORELAND,History,1595
1502,"Henry VI, Part 3",YORK,History,1595
1503,Richard III,ANNE,History,1592
1503,Richard III,ARCHBISHOP,History,1592
1503,Richard III,BLUNT,History,1592
1503,Richard III,BOY,History,1592
1503,Richard III,BRAKENBURY,History,1592
1503,Richard III,BUCKINGHAM,History,1592
1503,Richard III,CARDINAL,History,1592
1503,Richard III,CATESBY,History,1592
1503,Richard III,CHILDREN,History,1592
1503,Richard III,CHRISTOPHER,History,1592
1503,Richard III,CLARENCE,History,1592
1503,Richard III,DORSET,History,1592
1503,Richard III,DUCHESS,History,1592
1503,Richard III,ELY,History,1592
1503,Richard III,FIRST CITIZEN,History,1592
1503,Richard III,FIRST MURDERER,History,1592
1503,Richard III,FOURTH MESSENGER,History,1592
1503,Richard III,GENTLEMAN,History,1592
1503,Richard III,GHOST OF ANNE,History,1592
1503,Richard III,GHOST OF BUCKINGHAM,History,1592
1503,Richard III,GHOST OF CLARENCE,History,1592
1503,Richard III,GHOST OF EDWARD,History,1592
1503,Richard III,GHOST OF GREY,History,1592
1503,Richard III,GHOST OF HASTINGS,History,1592
1503,Richard III,GHOST OF HENRY,History,1592
1503,Richard III,GHOST OF RIVERS,History,1592
1503,Richard III,GHOST OF VAUGHAN,History,1592
1503,Richard III,GHOSTS OF PRINCES,History,1592
1503,Richard III,GIRL,History,1592
1503,Richard III,GREY,History,1592
1503,Richard III,HASTINGS,History,1592
1503,Richard III,HERBERT,History,1592
1503,Richard III,KEEPER,History,1592
1503,Richard III,KING EDWARD,History,1592
1503,Richard III,KING RICHARD,History,1592
1503,Richard III,LORDS,History,1592
1503,Richard III,LOVELL,History,1592
1503,Richard III,MAYOR,History,1592
1503,Richard III,MESSENGER,History,1592
1503,Richard III,NORFOLK,History,1592
1503,Richard III,OXFORD,History,1592
1503,Richard III,PAGE,History,1592
1503,Richard III,PRIEST,History,1592
1503,Richard III,PRINCE,History,1592
1503,Richard III,PURSUIVANT,History,1592
1503,Richard III,QUEEN ELIZABETH,History,1592
1503,Richard III,QUEEN MARGARET,History,1592
1503,Richard III,RATCLIFFE,History,1592
1503,Richard III,RICHARD,History,1592
1503,Richard III,RICHMOND,History,1592
1503,Richard III,RIVERS,History,1592
1503,Richard III,SCRIVENER,History,1592
1503,Richard III,SECOND CITIZEN,History,1592
1503,Richard III,SECOND MESSENGER,History,1592
1503,Richard III,SECOND MURDERER,History,1592
1503,Richard III,SHERIFF,History,1592
1503,Richard III,STANLEY,History,1592
1503,Richard III,SURREY,History,1592
1503,Richard III,THIRD CITIZEN,History,1592
1503,Richard III,THIRD MESSENGER,History,1592
1503,Richard III,TYRREL,History,1592
1503,Richard III,VAUGHAN,History,1592
1503,Richard III,YORK,History,1592
1504,Comedy of Errors,ABBESS,Comedy,1594
1504,Comedy of Errors,ADRIANA,Comedy,1594
1504,Comedy of Errors,ANGELO,Comedy,1594
1504,Comedy of Errors,ANTIPHOLUS OF EPHESUS,Comedy,1594
1504,Comedy of Errors,ANTIPHOLUS OF SYRACUSE,Comedy,1594
1504,Comedy of Errors,BALTHASAR,Comedy,1594
1504,Comedy of Errors,COURTESAN,Comedy,1594
1504,Comedy of Errors,DROMIO OF EPHESUS,Comedy,1594
1504,Comedy of Errors,DROMIO OF SYRACUSE,Comedy,1594
1504,Comedy of Errors,DUKE,Comedy,1594
1504,Comedy of Errors,EGEON,Comedy,1594
1504,Comedy of Errors,JAILER,Comedy,1594
1504,Comedy of Errors,LUCE,Comedy,1594
1504,Comedy of Errors,LUCIANA,Comedy,1594
1504,Comedy of Errors,MERCHANT,Comedy,1594
1504,Comedy of Errors,MESSENGER,Comedy,1594
1504,Comedy of Errors,OFFICER,Comedy,1594
1504,Comedy of Errors,PINCH,Comedy,1594
1507,Titus Andronicus,AARON,Tragedy,1591
1507,Titus Andronicus,AEMILIUS,Tragedy,1591
1507,Titus Andronicus,BASSIANUS,Tragedy,1591
1507,Titus Andronicus,CAPTAIN,Tragedy,1591
1507,Titus Andronicus,CHIRON,Tragedy,1591
1507,Titus Andronicus,CLOWN,Tragedy,1591
1507,Titus Andronicus,DEMETRIUS,Tragedy,1591
1507,Titus Andronicus,FIRST GOTH,Tragedy,1591
1507,Titus Andronicus,GOTH,Tragedy,1591
1507,Titus Andronicus,GOTHS,Tragedy,1591
1507,Titus Andronicus,LAVINIA,Tragedy,1591
1507,Titus Andronicus,LUCIUS,Tragedy,1591
1507,Titus Andronicus,MARCUS,Tragedy,1591
1507,Titus Andronicus,MARTIUS,Tragedy,1591
1507,Titus Andronicus,MESSENGER,Tragedy,1591
1507,Titus Andronicus,MUTIUS,Tragedy,1591
1507,Titus Andronicus,NURSE,Tragedy,1591
1507,Titus Andronicus,PUBLIUS,Tragedy,1591
1507,Titus Andronicus,QUINTUS,Tragedy,1591
1507,Titus Andronicus,ROMANS,Tragedy,1591
1507,Titus Andronicus,SATURNINUS,Tragedy,1591
1507,Titus Andronicus,SECOND GOTH,Tragedy,1591
1507,Titus Andronicus,TAMORA,Tragedy,1591
1507,Titus Andronicus,TITUS,Tragedy,1591
1507,Titus Andronicus,TRIBUNES,Tragedy,1591
1507,Titus Andronicus,YOUNG LUCIUS,Tragedy,1591
1508,Taming of the Shrew,BAPTISTA,Comedy,1592
1508,Taming of the Shrew,BIANCA,Comedy,1592
1508,Taming of the Shrew,BIONDELLO,Comedy,1592
1508,Taming of the Shrew,CURTIS,Comedy,1592
1508,Taming of the Shrew,FIRST SERVANT,Comedy,1592
1508,Taming of the Shrew,GREMIO,Comedy,1592
1508,Taming of the Shrew,GRUMIO,Comedy,1592
1508,Taming of the Shrew,HABERDASHER,Comedy,1592
1508,Taming of the Shrew,HORTENSIO,Comedy,1592
1508,Taming of the Shrew,JOSEPH,Comedy,1592
1508,Taming of the Shrew,KATHERINA,Comedy,1592
1508,Taming of the Shrew,LUCENTIO,Comedy,1592
1508,Taming of the Shrew,NATHANIEL,Comedy,1592
1508,Taming of the Shrew,NICHOLAS,Comedy,1592
1508,Taming of the Shrew,PAGE,Comedy,1592
1508,Taming of the Shrew,PEDANT,Comedy,1592
1508,Taming of the Shrew,PETER,Comedy,1592
1508,Taming of the Shrew,PETRUCHIO,Comedy,1592
1508,Taming of the Shrew,PHILIP,Comedy,1592
1508,Taming of the Shrew,SERVANT,Comedy,1592
1508,Taming of the Shrew,SLY,Comedy,1592
1508,Taming of the Shrew,TAILOR,Comedy,1592
1508,Taming of the Shrew,TRANIO,Comedy,1592
1508,Taming of the Shrew,VINCENTIO,Comedy,1592
1508,Taming of the Shrew,WIDOW,Comedy,1592
1509,Two Gentlemen of Verona,ANTONIO,Comedy,1598
1509,Two Gentlemen of Verona,DUKE,Comedy,1598
1509,Two Gentlemen of Verona,EGLAMOUR,Comedy,1598
1509,Two Gentlemen of Verona,FIRST OUTLAW,Comedy,1598
1509,Two Gentlemen of Verona,HOST,Comedy,1598
1509,Two Gentlemen of Verona,JULIA,Comedy,1598
1509,Two Gentlemen of Verona,LANCE,Comedy,1598
1509,Two Gentlemen of Verona,LUCETTA,Comedy,1598
1509,Two Gentlemen of Verona,OUTLAWS,Comedy,1598
1509,Two Gentlemen of Verona,PANTINO,Comedy,1598
1509,Two Gentlemen of Verona,PROTEUS,Comedy,1598
1509,Two Gentlemen of Verona,SECOND OUTLAW,Comedy,1598
1509,Two Gentlemen of Verona,SERVANT,Comedy,1598
1509,Two Gentlemen of Verona,SILVIA,Comedy,1598
1509,Two Gentlemen of Verona,SPEED,Comedy,1598
1509,Two Gentlemen of Verona,THIRD OUTLAW,Comedy,1598
1509,Two Gentlemen of Verona,THURIO,Comedy,1598
1509,Two Gentlemen of Verona,VALENTINE,Comedy,1598
1510,Love's Labour's Lost,ARMADO,Comedy,1595
1510,Love's Labour's Lost,BEROWNE,Comedy,1595
1510,Love's Labour's Lost,BOYET,Comedy,1595
1510,Love's Labour's Lost,COSTARD,Comedy,1595
1510,Love's Labour's Lost,DULL,Comedy,1595
1510,Love's Labour's Lost,DUMAINE,Comedy,1595
1510,Love's Labour's Lost,FORESTER,Comedy,1595
1510,Love's Labour's Lost,HOLOFERNES,Comedy,1595
1510,Love's Labour's Lost,JAQUENETTA,Comedy,1595
1510,Love's Labour's Lost,KATHARINE,Comedy,1595
1510,Love's Labour's Lost,KING,Comedy,1595
1510,Love's Labour's Lost,LONGAVILLE,Comedy,1595
1510,Love's Labour's Lost,LORD,Comedy,1595
1510,Love's Labour's Lost,MARIA,Comedy,1595
1510,Love's Labour's Lost,MOTH,Comedy,1595
1510,Love's Labour's Lost,NATHANIEL,Comedy,1595
1510,Love's Labour's Lost,PRINCESS,Comedy,1595
1510,Love's Labour's Lost,ROSALINE,Comedy,1595
1511,King John,ARTHUR,History,1597
1511,King John,AUSTRIA,History,1597
1511,King John,BASTARD,History,1597
1511,King John,BIGOT,History,1597
1511,King John,BLANCHE,History,1597
1511,King John,CHATILLION,History,1597
1511,King John,CITIZEN,History,1597
1511,King John,CONSTANCE,History,1597
1511,King John,ENGLISH HERALD,History,1597
1511,King John,ESSEX,History,1597
1511,King John,FIRST CITIZEN,History,1597
1511,King John,FIRST EXECUTIONER,History,1597
1511,King John,FRENCH HERALD,History,1597
1511,King John,GURNEY,History,1597
1511,King John,HUBERT,History,1597
1511,King John,KING JOHN,History,1597
1511,King John,KING PHILIP,History,1597
1511,King John,LADY FAULCONBRIDGE,History,1597
1511,King John,LOUIS,History,1597
1511,King John,MELUN,History,1597
1511,King John,MESSENGER,History,1597
1511,King John,PANDULPH,History,1597
1511,King John,PEMBROKE,History,1597
1511,King John,PETER OF POMFRET,History,1597
1511,King John,PRINCE HENRY,History,1597
1511,King John,QUEEN ELEANOR,History,1597
1511,King John,ROBERT,History,1597
1511,King John,SALISBURY,History,1597
1512,Richard II,ABBOT,History,1595
1512,Richard II,ANOTHER LORD,History,1595
1512,Richard II,AUMERLE,History,1595
1512,Richard II,BAGOT,History,1595
1512,Richard II,BERKELEY,History,1595
1512,Richard II,BOLINGBROKE,History,1595
1512,Richard II,BUSHY,History,1595
1512,Richard II,CAPTAIN,History,1595
1512,Richard II,CARLISLE,History,1595
1512,Richard II,DUCHESS,History,1595
1512,Richard II,EXTON,History,1595
1512,Richard II,FIRST HERALD,History,1595
1512,Richard II,FITZWATER,History,1595
1512,Richard II,GARDENER,History,1595
1512,Richard II,GAUNT,History,1595
1512,Richard II,GREEN,History,1595
1512,Richard II,GROOM,History,1595
1512,Richard II,HARRY PERCY,History,1595
1512,Richard II,KEEPER,History,1595
1512,Richard II,KING HENRY,History,1595
1512,Richard II,KING RICHARD,History,1595
1512,Richard II,LADY,History,1595
1512,Richard II,MARSHAL,History,1595
1512,Richard II,MOWBRAY,History,1595
1512,Richard II,NORTHUMBERLAND,History,1595
1512,Richard II,PERCY,History,1595
1512,Richard II,QUEEN,History,1595
1512,Richard II,RICHARD,History,1595
1512,Richard II,ROSS,History,1595
1512,Richard II,SALISBURY,History,1595
1512,Richard II,SCROOP,History,1595
1512,Richard II,SECOND HERALD,History,1595
1512,Richard II,SERVANT,History,1595
1512,Richard II,SERVINGMAN,History,1595
1512,Richard II,SURREY,History,1595
1512,Richard II,WILLOUGHBY,History,1595
1512,Richard II,YORK,History,1595
1513,Romeo and Juliet,ABRAM,Tragedy,1595
1513,Romeo and Juliet,APOTHECARY,Tragedy,1595
1513,Romeo and Juliet,BALTHASAR,Tragedy,1595
1513,Romeo and Juliet,BENVOLIO,Tragedy,1595
1513,Romeo and Juliet,CAPULET,Tragedy,1595
1513,Romeo and Juliet,CAPULET'S COUSIN,Tragedy,1595
1513,Romeo and Juliet,CHORUS,Tragedy,1595
1513,Romeo and Juliet,FIRST CITIZEN,Tragedy,1595
1513,Romeo and Juliet,FIRST MUSICIAN,Tragedy,1595
1513,Romeo and Juliet,FIRST SERVANT,Tragedy,1595
1513,Romeo and Juliet,FIRST WATCH,Tragedy,1595
1513,Romeo and Juliet,FRIAR JOHN,Tragedy,1595
1513,Romeo and Juliet,FRIAR LAWRENCE,Tragedy,1595
1513,Romeo and Juliet,GREGORY,Tragedy,1595
1513,Romeo and Juliet,JULIET,Tragedy,1595
1513,Romeo and Juliet,LADY CAPULET,Tragedy,1595
1513,Romeo and Juliet,LADY MONTAGUE,Tragedy,1595
1513,Romeo and Juliet,MERCUTIO,Tragedy,1595
1513,Romeo and Juliet,MONTAGUE,Tragedy,1595
1513,Romeo and Juliet,NURSE,Tragedy,1595
1513,Romeo and Juliet,PAGE,Tragedy,1595
1513,Romeo and Juliet,PARIS,Tragedy,1595
1513,Romeo and Juliet,PETER,Tragedy,1595
1513,Romeo and Juliet,PRINCE,Tragedy,1595
1513,Romeo and Juliet,ROMEO,Tragedy,1595
1513,Romeo and Juliet,SAMPSON,Tragedy,1595
1513,Romeo and Juliet,SECOND MUSICIAN,Tragedy,1595
1513,Romeo and Juliet,SECOND SERVANT,Tragedy,1595
1513,Romeo and Juliet,SECOND WATCH,Tragedy,1595
1513,Romeo and Juliet,SERVANT,Tragedy,1595
1513,Romeo and Juliet,THIRD MUSICIAN,Tragedy,1595
1513,Romeo and Juliet,TYBALT,Tragedy,1595
1514,A Midsummer Night's Dream,BOTTOM,Comedy,1595
1514,A Midsummer Night's Dream,CHORUS,Comedy,1595
1514,A Midsummer Night's Dream,COBWEB,Comedy,1595
1514,A Midsummer Night's Dream,DEMETRIUS,Comedy,1595
1514,A Midsummer Night's Dream,EGEUS,Comedy,1595
1514,A Midsummer Night's Dream,FAIRY,Comedy,1595
1514,A Midsummer Night's Dream,FIRST FAIRY,Comedy,1595
1514,A Midsummer Night's Dream,FLUTE,Comedy,1595
1514,A Midsummer Night's Dream,HELENA,Comedy,1595
1514,A Midsummer Night's Dream,HERMIA,Comedy,1595
1514,A Midsummer Night's Dream,HIPPOLYTA,Comedy,1595
1514,A Midsummer Night's Dream,LION,Comedy,1595
1514,A Midsummer Night's Dream,LYSANDER,Comedy,1595
1514,A Midsummer Night's Dream,MOON,Comedy,1595
1514,A Midsummer Night's Dream,MOONSHINE,Comedy,1595
1514,A Midsummer Night's Dream,MOTH,Comedy,1595
1514,A Midsummer Night's Dream,MUSTARDSEED,Comedy,1595
1514,A Midsummer Night's Dream,OBERON,Comedy,1595
1514,A Midsummer Night's Dream,PEASEBLOSSOM,Comedy,1595
1514,A Midsummer Night's Dream,PHILOSTRATE,Comedy,1595
1514,A Midsummer Night's Dream,PUCK,Comedy,1595
1514,A Midsummer Night's Dream,PYRAMUS,Comedy,1595
1514,A Midsummer Night's Dream,QUINCE,Comedy,1595
1514,A Midsummer Night's Dream,SECOND FAIRY,Comedy,1595
1514,A Midsummer Night's Dream,SNOUT,Comedy,1595
1514,A Midsummer Night's Dream,SNUG,Comedy,1595
1514,A Midsummer Night's Dream,STARVELING,Comedy,1595
1514,A Midsummer Night's Dream,THESEUS,Comedy,1595
1514,A Midsummer Night's Dream,THISBE,Comedy,1595
1514,A Midsummer Night's Dream,TITANIA,Comedy,1595
1514,A Midsummer Night's Dream,WALL,Comedy,1595
1515,Merchant of Venice,ANTONIO,Comedy,1597
1515,Merchant of Venice,ARRAGON,Comedy,1597
1515,Merchant of Venice,BALTHAZAR,Comedy,1597
1515,Merchant of Venice,BASSANIO,Comedy,1597
1515,Merchant of Venice,DUKE,Comedy,1597
1515,Merchant of Venice,DUKE OF VENICE,Comedy,1597
1515,Merchant of Venice,GOBBO,Comedy,1597
1515,Merchant of Venice,GRATIANO,Comedy,1597
1515,Merchant of Venice,JESSICA,Comedy,1597
1515,Merchant of Venice,LAUNCELET,Comedy,1597
1515,Merchant of Venice,LEONARDO,Comedy,1597
1515,Merchant of Venice,LORENZO,Comedy,1597
1515,Merchant of Venice,MESSENGER,Comedy,1597
1515,Merchant of Venice,NERISSA,Comedy,1597
1515,Merchant of Venice,PORTIA,Comedy,1597
1515,Merchant of Venice,PRINCE OF MOROCCO,Comedy,1597
1515,Merchant of Venice,SALARINO,Comedy,1597
1515,Merchant of Venice,SALERIO,Comedy,1597
1515,Merchant of Venice,SERVANT,Comedy,1597
1515,Merchant of Venice,SERVINGMAN,Comedy,1597
1515,Merchant of Venice,SHYLOCK,Comedy,1597
1515,Merchant of Venice,SOLANIO,Comedy,1597
1515,Merchant of Venice,STEPHANO,Comedy,1597
1515,Merchant of Venice,TUBAL,Comedy,1597
1516,"Henry IV, Part 1",ARCHBISHOP,History,1597
1516,"Henry IV, Part 1",BARDOLPH,History,1597
1516,"Henry IV, Part 1",BLUNT,History,1597
1516,"Henry IV, Part 1",CARRIER,History,1597
1516,"Henry IV, Part 1",CHAMBERLAIN,History,1597
1516,"Henry IV, Part 1",DOUGLAS,History,1597
1516,"Henry IV, Part 1",FALSTAFF,History,1597
1516,"Henry IV, Part 1",FIRST CARRIER,History,1597
1516,"Henry IV, Part 1",FIRST TRAVELLER,History,1597
1516,"Henry IV, Part 1",FRANCIS,History,1597
1516,"Henry IV, Part 1",GADSHILL,History,1597
1516,"Henry IV, Part 1",GLENDOWER,History,1597
1516,"Henry IV, Part 1",HOSTESS,History,1597
1516,"Henry IV, Part 1",HOTSPUR,History,1597
1516,"Henry IV, Part 1",KING,History,1597
1516,"Henry IV, Part 1",LADY PERCY,History,1597
1516,"Henry IV, Part 1",LANCASTER,History,1597
1516,"Henry IV, Part 1",MESSENGER,History,1597
1516,"Henry IV, Part 1",MORTIMER,History,1597
1516,"Henry IV, Part 1",NORTHUMBERLAND,History,1597
1516,"Henry IV, Part 1",OSTLER,History,1597
1516,"Henry IV, Part 1",PETO,History,1597
1516,"Henry IV, Part 1",POINS,History,1597
1516,"Henry IV, Part 1",PRINCE,History,1597
1516,"Henry IV, Part 1",SECOND CARRIER,History,1597
1516,"Henry IV, Part 1",SECOND TRAVELLER,History,1597
1516,"Henry IV, Part 1",SERVANT,History,1597
1516,"Henry IV, Part 1",SHERIFF,History,1597
1516,"Henry IV, Part 1",SIR MICHAEL,History,1597
1516,"Henry IV, Part 1",THIEVES,History,1597
1516,"Henry IV, Part 1",VERNON,History,1597
1516,"Henry IV, Part 1",VINTNER,History,1597
1516,"Henry IV, Part 1",WESTMORELAND,History,1597
1516,"Henry IV, Part 1",WORCESTER,History,1597
1517,Merry Wives of Windsor,ANNE,Comedy,1601
1517,Merry Wives of Windsor,BARDOLPH,Comedy,1601
1517,Merry Wives of Windsor,CAIUS,Comedy,1601
1517,Merry Wives of Windsor,EVANS,Comedy,1601
1517,Merry Wives of Windsor,FALSTAFF,Comedy,1601
1517,Merry Wives of Windsor,FENTON,Comedy,1601
1517,Merry Wives of Windsor,FORD,Comedy,1601
1517,Merry Wives of Windsor,HOST,Comedy,1601
1517,Merry Wives of Windsor,JOHN,Comedy,1601
1517,Merry Wives of Windsor,MISTRESS FORD,Comedy,1601
1517,Merry Wives of Windsor,MISTRESS PAGE,Comedy,1601
1517,Merry Wives of Windsor,MISTRESS QUICKLY,Comedy,1601
1517,Merry Wives of Windsor,NYM,Comedy,1601
1517,Merry Wives of Windsor,PAGE,Comedy,1601
1517,Merry Wives of Windsor,PISTOL,Comedy,1601
1517,Merry Wives of Windsor,ROBERT,Comedy,1601
1517,Merry Wives of Windsor,ROBIN,Comedy,1601
1517,Merry Wives of Windsor,RUGBY,Comedy,1601
1517,Merry Wives of Windsor,SHALLOW,Comedy,1601
1517,Merry Wives of Windsor,SIMPLE,Comedy,1601
1517,Merry Wives of Windsor,SLENDER,Comedy,1601
1517,Merry Wives of Windsor,SONG,Comedy,1601
1517,Merry Wives of Windsor,WILLIAM,Comedy,1601
1518,"Henry IV, Part 2",ARCHBISHOP,History,1598
1518,"Henry IV, Part 2",BARDOLPH,History,1598
1518,"Henry IV, Part 2",BULLCALF,History,1598
1518,"Henry IV, Part 2",CHIEF JUSTICE,History,1598
1518,"Henry IV, Part 2",CLARENCE,History,1598
1518,"Henry IV, Part 2",COLEVILE,History,1598
1518,"Henry IV, Part 2",DAVY,History,1598
1518,"Henry IV, Part 2",DOLL,History,1598
1518,"Henry IV, Part 2",EPILOGUE,History,1598
1518,"Henry IV, Part 2",FALSTAFF,History,1598
1518,"Henry IV, Part 2",FANG,History,1598
1518,"Henry IV, Part 2",FEEBLE,History,1598
1518,"Henry IV, Part 2",FIRST BEADLE,History,1598
1518,"Henry IV, Part 2",FIRST DRAWER,History,1598
1518,"Henry IV, Part 2",FIRST GROOM,History,1598
1518,"Henry IV, Part 2",GLOUCESTER,History,1598
1518,"Henry IV, Part 2",GOWER,History,1598
1518,"Henry IV, Part 2",HARCOURT,History,1598
1518,"Henry IV, Part 2",HASTINGS,History,1598
1518,"Henry IV, Part 2",HOSTESS,History,1598
1518,"Henry IV, Part 2",KING,History,1598
1518,"Henry IV, Part 2",LADY NORTHUMBERLAND,History,1598
1518,"Henry IV, Part 2",LADY PERCY,History,1598
1518,"Henry IV, Part 2",LANCASTER,History,1598
1518,"Henry IV, Part 2",LORD BARDOLPH,History,1598
1518,"Henry IV, Part 2",MESSENGER,History,1598
1518,"Henry IV, Part 2",MORTON,History,1598
1518,"Henry IV, Part 2",MOULDY,History,1598
1518,"Henry IV, Part 2",MOWBRAY,History,1598
1518,"Henry IV, Part 2",NORTHUMBERLAND,History,1598
1518,"Henry IV, Part 2",PAGE,History,1598
1518,"Henry IV, Part 2",PETO,History,1598
1518,"Henry IV, Part 2",PISTOL,History,1598
1518,"Henry IV, Part 2",POINS,History,1598
1518,"Henry IV, Part 2",PORTER,History,1598
1518,"Henry IV, Part 2",PRINCE,History,1598
1518,"Henry IV, Part 2",PRINCES,History,1598
1518,"Henry IV, Part 2",SECOND DRAWER,History,1598
1518,"Henry IV, Part 2",SECOND GROOM,History,1598
1518,"Henry IV, Part 2",SERVANT,History,1598
1518,"Henry IV, Part 2",SHADOW,History,1598
1518,"Henry IV, Part 2",SHALLOW,History,1598
1518,"Henry IV, Part 2",SILENCE,History,1598
1518,"Henry IV, Part 2",SNARE,History,1598
1518,"Henry IV, Part 2",TRAVERS,History,1598
1518,"Henry IV, Part 2",WART,History,1598
1518,"Henry IV, Part 2",WARWICK,History,1598
1518,"Henry IV, Part 2",WESTMORELAND,History,1598
1519,Much Ado about Nothing,A LORD,Comedy,1598
1519,Much Ado about Nothing,ANTONIO,Comedy,1598
1519,Much Ado about Nothing,BALTHASAR,Comedy,1598
1519,Much Ado about Nothing,BEATRICE,Comedy,1598
1519,Much Ado about Nothing,BENEDICK,Comedy,1598
1519,Much Ado about Nothing,BORACHIO,Comedy,1598
1519,Much Ado about Nothing,BOY,Comedy,1598
1519,Much Ado about Nothing,CLAUDIO,Comedy,1598
1519,Much Ado about Nothing,CONRADE,Comedy,1598
1519,Much Ado about Nothing,DOGBERRY,Comedy,1598
1519,Much Ado about Nothing,DON JOHN,Comedy,1598
1519,Much Ado about Nothing,DON PEDRO,Comedy,1598
1519,Much Ado about Nothing,FIRST WATCH,Comedy,1598
1519,Much Ado about Nothing,FRIAR,Comedy,1598
1519,Much Ado about Nothing,HERO,Comedy,1598
1519,Much Ado about Nothing,LEONATO,Comedy,1598
1519,Much Ado about Nothing,MARGARET,Comedy,1598
1519,Much Ado about Nothing,MESSENGER,Comedy,1598
1519,Much Ado about Nothing,SECOND WATCH,Comedy,1598
1519,Much Ado about Nothing,SEXTON,Comedy,1598
1519,Much Ado about Nothing,URSULA,Comedy,1598
1519,Much Ado about Nothing,VERGES,Comedy,1598
1519,Much Ado about Nothing,WATCH,Comedy,1598
1521,Henry V,ALICE,History,1599
1521,Henry V,AMBASSADOR,History,1599
1521,Henry V,BARDOLPH,History,1599
1521,Henry V,BATES,History,1599
1521,Henry V,BEDFORD,History,1599
1521,Henry V,BOURBON,History,1599
1521,Henry V,BOY,History,1599
1521,Henry V,BURGUNDY,History,1599
1521,Henry V,CAMBRIDGE,History,1599
1521,Henry V,CANTERBURY,History,1599
1521,Henry V,CHORUS,History,1599
1521,Henry V,CONSTABLE,History,1599
1521,Henry V,COURT,History,1599
1521,Henry V,DAUPHIN,History,1599
1521,Henry V,ELY,History,1599
1521,Henry V,ERPINGHAM,History,1599
1521,Henry V,EXETER,History,1599
1521,Henry V,FIRST AMBASSADOR,History,1599
1521,Henry V,FLUELLEN,History,1599
1521,Henry V,FRENCH KING,History,1599
1521,Henry V,FRENCH SOLDIER,History,1599
1521,Henry V,GLOUCESTER,History,1599
1521,Henry V,GOVERNOR,History,1599
1521,Henry V,GOWER,History,1599
1521,Henry V,GREY,History,1599
1521,Henry V,HERALD,History,1599
1521,Henry V,HOSTESS,History,1599
1521,Henry V,JAMY,History,1599
1521,Henry V,KATHARINE,History,1599
1521,Henry V,KING,History,1599
1521,Henry V,KING HENRY,History,1599
1521,Henry V,LORDS,History,1599
1521,Henry V,MACMORRIS,History,1599
1521,Henry V,MESSENGER,History,1599
1521,Henry V,MONTJOY,History,1599
1521,Henry V,NYM,History,1599
1521,Henry V,ORLEANS,History,1599
1521,Henry V,PISTOL,History,1599
1521,Henry V,QUEEN ISABEL,History,1599
1521,Henry V,RAMBURES,History,1599
1521,Henry V,SALISBURY,History,1599
1521,Henry V,SCROOP,History,1599
1521,Henry V,WARWICK,History,1599
1521,Henry V,WESTMORLAND,History,1599
1521,Henry V,WILLIAMS,History,1599
1521,Henry V,YORK,History,1599
1522,Julius Caesar,ANTONY,Tragedy,1599
1522,Julius Caesar,ARTEMIDORUS,Tragedy,1599
1522,Julius Caesar,BRUTUS,Tragedy,1599
1522,Julius Caesar,CAESAR,Tragedy,1599
1522,Julius Caesar,CALPHURNIA,Tragedy,1599
1522,Julius Caesar,CARPENTER,Tragedy,1599
1522,Julius Caesar,CASCA,Tragedy,1599
1522,Julius Caesar,CASSIUS,Tragedy,1599
1522,Julius Caesar,CATO,Tragedy,1599
1522,Julius Caesar,CICERO,Tragedy,1599
1522,Julius Caesar,CINNA,Tragedy,1599
1522,Julius Caesar,CITIZENS,Tragedy,1599
1522,Julius Caesar,CLAUDIUS,Tragedy,1599
1522,Julius Caesar,CLITUS,Tragedy,1599
1522,Julius Caesar,COBBLER,Tragedy,1599
1522,Julius Caesar,DARDANIUS,Tragedy,1599
1522,Julius Caesar,DECIUS,Tragedy,1599
1522,Julius Caesar,FIRST CITIZEN,Tragedy,1599
1522,Julius Caesar,FIRST SOLDIER,Tragedy,1599
1522,Julius Caesar,FLAVIUS,Tragedy,1599
1522,Julius Caesar,FOURTH CITIZEN,Tragedy,1599
1522,Julius Caesar,GHOST,Tragedy,1599
1522,Julius Caesar,LEPIDUS,Tragedy,1599
1522,Julius Caesar,LIGARIUS,Tragedy,1599
1522,Julius Caesar,LUCILIUS,Tragedy,1599
1522,Julius Caesar,LUCIUS,Tragedy,1599
1522,Julius Caesar,MARULLUS,Tragedy,1599
1522,Julius Caesar,MESSALA,Tragedy,1599
1522,Julius Caesar,MESSENGER,Tragedy,1599
1522,Julius Caesar,METELLUS,Tragedy,1599
1522,Julius Caesar,OCTAVIUS,Tragedy,1599
1522,Julius Caesar,PINDARUS,Tragedy,1599
1522,Julius Caesar,POET,Tragedy,1599
1522,Julius Caesar,POPILIUS,Tragedy,1599
1522,Julius Caesar,PORTIA,Tragedy,1599
1522,Julius Caesar,PUBLIUS,Tragedy,1599
1522,Julius Caesar,SECOND CITIZEN,Tragedy,1599
1522,Julius Caesar,SECOND SOLDIER,Tragedy,1599
1522,Julius Caesar,SERVANT,Tragedy,1599
1522,Julius Caesar,SOOTHSAYER,Tragedy,1599
1522,Julius Caesar,STRATO,Tragedy,1599
1522,Julius Caesar,THIRD CITIZEN,Tragedy,1599
1522,Julius Caesar,THIRD SOLDIER,Tragedy,1599
1522,Julius Caesar,TITINIUS,Tragedy,1599
1522,Julius Caesar,TREBONIUS,Tragedy,1599
1522,Julius Caesar,VARRO,Tragedy,1599
1522,Julius Caesar,VOLUMNIUS,Tragedy,1599
1523,As You Like It,ADAM,Comedy,1599
1523,As You Like It,AMIENS,Comedy,1599
1523,As You Like It,AUDREY,Comedy,1599
1523,As You Like It,CELIA,Comedy,1599
1523,As You Like It,CHARLES,Comedy,1599
1523,As You Like It,CORIN,Comedy,1599
1523,As You Like It,DENNIS,Comedy,1599
1523,As You Like It,DUKE FREDERICK,Comedy,1599
1523,As You Like It,DUKE SENIOR,Comedy,1599
1523,As You Like It,FIRST LORD,Comedy,1599
1523,As You Like It,FIRST PAGE,Comedy,1599
1523,As You Like It,HYMEN,Comedy,1599
1523,As You Like It,JAQUES,Comedy,1599
1523,As You Like It,JAQUES DE BOYS,Comedy,1599
1523,As You Like It,LE BEAU,Comedy,1599
1523,As You Like It,MARTEXT,Comedy,1599
1523,As You Like It,OLIVER,Comedy,1599
1523,As You Like It,ORLANDO,Comedy,1599
1523,As You Like It,PAGES,Comedy,1599
1523,As You Like It,PHOEBE,Comedy,1599
1523,As You Like It,ROSALIND,Comedy,1599
1523,As You Like It,SECOND LORD,Comedy,1599
1523,As You Like It,SECOND PAGE,Comedy,1599
1523,As You Like It,SILVIUS,Comedy,1599
1523,As You Like It,SONG,Comedy,1599
1523,As You Like It,TOUCHSTONE,Comedy,1599
1523,As You Like It,WILLIAM,Comedy,1599
1524,Hamlet,BARNARDO,Tragedy,1600
1524,Hamlet,CAPTAIN,Tragedy,1600
1524,Hamlet,CORNELIUS,Tragedy,1600
1524,Hamlet,DANES,Tragedy,1600
1524,Hamlet,FIRST AMBASSADOR,Tragedy,1600
1524,Hamlet,FIRST CLOWN,Tragedy,1600
1524,Hamlet,FIRST PLAYER,Tragedy,1600
1524,Hamlet,FIRST SAILOR,Tragedy,1600
1524,Hamlet,FORTINBRAS,Tragedy,1600
1524,Hamlet,FRANCISCO,Tragedy,1600
1524,Hamlet,GENTLEMAN,Tragedy,1600
1524,Hamlet,GHOST,Tragedy,1600
1524,Hamlet,GUILDENSTERN,Tragedy,1600
1524,Hamlet,HAMLET,Tragedy,1600
1524,Hamlet,HORATIO,Tragedy,1600
1524,Hamlet,KING,Tragedy,1600
1524,Hamlet,LAERTES,Tragedy,1600
1524,Hamlet,LORD,Tragedy,1600
1524,Hamlet,LORDS,Tragedy,1600
1524,Hamlet,LUCIANUS,Tragedy,1600
1524,Hamlet,MARCELLUS,Tragedy,1600
1524,Hamlet,MESSENGER,Tragedy,1600
1524,Hamlet,OPHELIA,Tragedy,1600
1524,Hamlet,OSRIC,Tragedy,1600
1524,Hamlet,PLAYER KING,Tragedy,1600
1524,Hamlet,PLAYER QUEEN,Tragedy,1600
1524,Hamlet,POLONIUS,Tragedy,1600
1524,Hamlet,PRIEST,Tragedy,1600
1524,Hamlet,PROLOGUE,Tragedy,1600
1524,Hamlet,QUEEN,Tragedy,1600
1524,Hamlet,REYNALDO,Tragedy,1600
1524,Hamlet,ROSENCRANTZ,Tragedy,1600
1524,Hamlet,SECOND CLOWN,Tragedy,1600
1524,Hamlet,SERVANT,Tragedy,1600
1524,Hamlet,VOLTEMAND,Tragedy,1600
1526,Twelfth Night,AGUECHEEK,Comedy,1601
1526,Twelfth Night,ANTONIO,Comedy,1601
1526,Twelfth Night,CAPTAIN,Comedy,1601
1526,Twelfth Night,CLOWN,Comedy,1601
1526,Twelfth Night,CURIO,Comedy,1601
1526,Twelfth Night,DUKE,Comedy,1601
1526,Twelfth Night,FABIAN,Comedy,1601
1526,Twelfth Night,FIRST OFFICER,Comedy,1601
1526,Twelfth Night,MALVOLIO,Comedy,1601
1526,Twelfth Night,MARIA,Comedy,1601
1526,Twelfth Night,OLIVIA,Comedy,1601
1526,Twelfth Night,PRIEST,Comedy,1601
1526,Twelfth Night,SEBASTIAN,Comedy,1601
1526,Twelfth Night,SECOND OFFICER,Comedy,1601
1526,Twelfth Night,SERVANT,Comedy,1601
1526,Twelfth Night,SIR ANDREW,Comedy,1601
1526,Twelfth Night,SIR TOBY,Comedy,1601
1526,Twelfth Night,VALENTINE,Comedy,1601
1526,Twelfth Night,VIOLA,Comedy,1601
1528,Troilus and Cressida,ACHILLES,Tragedy,1602
1528,Troilus and Cressida,AENEAS,Tragedy,1602
1528,Troilus and Cressida,AGAMEMNON,Tragedy,1602
1528,Troilus and Cressida,AJAX,Tragedy,1602
1528,Troilus and Cressida,ALEXANDER,Tragedy,1602
1528,Troilus and Cressida,ANDARUS,Tragedy,1602
1528,Troilus and Cressida,ANDROMACHE,Tragedy,1602
1528,Troilus and Cressida,BOY,Tragedy,1602
1528,Troilus and Cressida,CALCHAS,Tragedy,1602
1528,Troilus and Cressida,CASSANDRA,Tragedy,1602
1528,Troilus and Cressida,CRESSIDA,Tragedy,1602
1528,Troilus and Cressida,DEIPHOBUS,Tragedy,1602
1528,Troilus and Cressida,DIOMEDES,Tragedy,1602
1528,Troilus and Cressida,HECTOR,Tragedy,1602
1528,Troilus and Cressida,HELEN,Tragedy,1602
1528,Troilus and Cressida,HELENUS,Tragedy,1602
1528,Troilus and Cressida,MARGARELON,Tragedy,1602
1528,Troilus and Cressida,MENELAUS,Tragedy,1602
1528,Troilus and Cressida,MYRMIDON,Tragedy,1602
1528,Troilus and Cressida,NESTOR,Tragedy,1602
1528,Troilus and Cressida,PANDARUS,Tragedy,1602
1528,Troilus and Cressida,PARIS,Tragedy,1602
1528,Troilus and Cressida,PATROCLUS,Tragedy,1602
1528,Troilus and Cressida,PRIAM,Tragedy,1602
1528,Troilus and Cressida,SERVANT,Tragedy,1602
1528,Troilus and Cressida,SOLDIERS,Tragedy,1602
1528,Troilus and Cressida,THERSITES,Tragedy,1602
1528,Troilus and Cressida,TROILUS,Tragedy,1602
1528,Troilus and Cressida,ULYSSES,Tragedy,1602
1529,All's Well That Ends Well,BERTRAM,Comedy,1603
1529,All's Well That Ends Well,CLOWN,Comedy,1603
1529,All's Well That Ends Well,COUNTESS,Comedy,1603
1529,All's Well That Ends Well,DIANA,Comedy,1603
1529,All's Well That Ends Well,DUKE,Comedy,1603
1529,All's Well That Ends Well,FIRST GENTLEMAN,Comedy,1603
1529,All's Well That Ends Well,FIRST LORD,Comedy,1603
1529,All's Well That Ends Well,FIRST SOLDIER,Comedy,1603
1529,All's Well That Ends Well,FOURTH LORD,Comedy,1603
1529,All's Well That Ends Well,GENTLEMAN,Comedy,1603
1529,All's Well That Ends Well,HELENA,Comedy,1603
1529,All's Well That Ends Well,KING,Comedy,1603
1529,All's Well That Ends Well,LAFEW,Comedy,1603
1529,All's Well That Ends Well,MARIANA,Comedy,1603
1529,All's Well That Ends Well,MESSENGER,Comedy,1603
1529,All's Well That Ends Well,PAGE,Comedy,1603
1529,All's Well That Ends Well,PAROLLES,Comedy,1603
1529,All's Well That Ends Well,SECOND GENTLEMAN,Comedy,1603
1529,All's Well That Ends Well,SECOND LORD,Comedy,1603
1529,All's Well That Ends Well,SECOND SOLDIER,Comedy,1603
1529,All's Well That Ends Well,STEWARD,Comedy,1603
1529,All's Well That Ends Well,WIDOW,Comedy,1603
1530,Measure for Measure,ABHORSON,Comedy,1604
1530,Measure for Measure,ANGELO,Comedy,1604
1530,Measure for Measure,BARNARDINE,Comedy,1604
1530,Measure for Measure,BAWD,Comedy,1604
1530,Measure for Measure,CLAUDIO,Comedy,1604
1530,Measure for Measure,DUKE,Comedy,1604
1530,Measure for Measure,ELBOW,Comedy,1604
1530,Measure for Measure,ESCALUS,Comedy,1604
1530,Measure for Measure,FIRST GENTLEMAN,Comedy,1604
1530,Measure for Measure,FRANCISCA,Comedy,1604
1530,Measure for Measure,FRIAR PETER,Comedy,1604
1530,Measure for Measure,FRIAR THOMAS,Comedy,1604
1530,Measure for Measure,FROTH,Comedy,1604
1530,Measure for Measure,ISABELLA,Comedy,1604
1530,Measure for Measure,JULIET,Comedy,1604
1530,Measure for Measure,JUSTICE,Comedy,1604
1530,Measure for Measure,LUCIO,Comedy,1604
1530,Measure for Measure,MARIANA,Comedy,1604
1530,Measure for Measure,MESSENGER,Comedy,1604
1530,Measure for Measure,POMPEY,Comedy,1604
1530,Measure for Measure,PROVOST,Comedy,1604
1530,Measure for Measure,SECOND GENTLEMAN,Comedy,1604
1530,Measure for Measure,SERVANT,Comedy,1604
1530,Measure for Measure,SONG,Comedy,1604
1531,Othello,BIANCA,Tragedy,1604
1531,Othello,BRABANTIO,Tragedy,1604
1531,Othello,CASSIO,Tragedy,1604
1531,Othello,CLOWN,Tragedy,1604
1531,Othello,DESDEMONA,Tragedy,1604
1531,Othello,DUKE,Tragedy,1604
1531,Othello,EMILIA,Tragedy,1604
1531,Othello,FIRST GENTLEMAN,Tragedy,1604
1531,Othello,FIRST MUSICIAN,Tragedy,1604
1531,Othello,FIRST SENATOR,Tragedy,1604
1531,Othello,GENTLEMEN,Tragedy,1604
1531,Othello,GRATIANO,Tragedy,1604
1531,Othello,HERALD,Tragedy,1604
1531,Othello,IAGO,Tragedy,1604
1531,Othello,LODOVICO,Tragedy,1604
1531,Othello,MESSENGER,Tragedy,1604
1531,Othello,MONTANO,Tragedy,1604
1531,Othello,OFFICER,Tragedy,1604
1531,Othello,OTHELLO,Tragedy,1604
1531,Othello,RODERIGO,Tragedy,1604
1531,Othello,SAILOR,Tragedy,1604
1531,Othello,SECOND GENTLEMAN,Tragedy,1604
1531,Othello,SECOND SENATOR,Tragedy,1604
1531,Othello,SENATORS,Tragedy,1604
1531,Othello,THIRD GENTLEMAN,Tragedy,1604
1532,King Lear,ALBANY,Tragedy,1606
1532,King Lear,BURGUNDY,Tragedy,1606
1532,King Lear,CAPTAIN,Tragedy,1606
1532,King Lear,CORDELIA,Tragedy,1606
1532,King Lear,CORNWALL,Tragedy,1606
1532,King Lear,CURAN,Tragedy,1606
1532,King Lear,EDGAR,Tragedy,1606
1532,King Lear,EDMUND,Tragedy,1606
1532,King Lear,FIRST SERVANT,Tragedy,1606
1532,King Lear,FOOL,Tragedy,1606
1532,King Lear,FRANCE,Tragedy,1606
1532,King Lear,GENTLEMAN,Tragedy,1606
1532,King Lear,GLOUCESTER,Tragedy,1606
1532,King Lear,GONERIL,Tragedy,1606
1532,King Lear,HERALD,Tragedy,1606
1532,King Lear,KENT,Tragedy,1606
1532,King Lear,KNIGHT,Tragedy,1606
1532,King Lear,LEAR,Tragedy,1606
1532,King Lear,MESSENGER,Tragedy,1606
1532,King Lear,OFFICER,Tragedy,1606
1532,King Lear,OLD MAN,Tragedy,1606
1532,King Lear,OSWALD,Tragedy,1606
1532,King Lear,PHYSICIAN,Tragedy,1606
1532,King Lear,REGAN,Tragedy,1606
1532,King Lear,SECOND SERVANT,Tragedy,1606
1532,King Lear,THIRD SERVANT,Tragedy,1606
1533,Macbeth,ANGUS,Tragedy,1606
1533,Macbeth,APPARITION,Tragedy,1606
1533,Macbeth,BANQUO,Tragedy,1606
1533,Macbeth,CAITHNESS,Tragedy,1606
1533,Macbeth,DOCTOR,Tragedy,1606
1533,Macbeth,DONALBAIN,Tragedy,1606
1533,Macbeth,DUNCAN,Tragedy,1606
1533,Macbeth,FIRST MURDERER,Tragedy,1606
1533,Macbeth,FIRST WITCH,Tragedy,1606
1533,Macbeth,FLEANCE,Tragedy,1606
1533,Macbeth,GENTLEWOMAN,Tragedy,1606
1533,Macbeth,HECATE,Tragedy,1606
1533,Macbeth,LADY MACBETH,Tragedy,1606
1533,Macbeth,LADY MACDUFF,Tragedy,1606
1533,Macbeth,LENNOX,Tragedy,1606
1533,Macbeth,LORD,Tragedy,1606
1533,Macbeth,LORDS,Tragedy,1606
1533,Macbeth,MACBETH,Tragedy,1606
1533,Macbeth,MACDUFF,Tragedy,1606
1533,Macbeth,MALCOLM,Tragedy,1606
1533,Macbeth,MENTEITH,Tragedy,1606
1533,Macbeth,MESSENGER,Tragedy,1606
1533,Macbeth,MURDERER,Tragedy,1606
1533,Macbeth,OLD MAN,Tragedy,1606
1533,Macbeth,PORTER,Tragedy,1606
1533,Macbeth,ROSS,Tragedy,1606
1533,Macbeth,SECOND MURDERER,Tragedy,1606
1533,Macbeth,SECOND WITCH,Tragedy,1606
1533,Macbeth,SERVANT,Tragedy,1606
1533,Macbeth,SEYTON,Tragedy,1606
1533,Macbeth,SIWARD,Tragedy,1606
1533,Macbeth,SOLDIER,Tragedy,1606
1533,Macbeth,SOLDIERS,Tragedy,1606
1533,Macbeth,SON,Tragedy,1606
1533,Macbeth,THIRD MURDERER,Tragedy,1606
1533,Macbeth,THIRD WITCH,Tragedy,1606
1533,Macbeth,YOUNG SIWARD,Tragedy,1606
1534,Antony and Cleopatra,AGRIPPA,Tragedy,1607
1534,Antony and Cleopatra,ALEXAS,Tragedy,1607
1534,Antony and Cleopatra,AMBASSADOR,Tragedy,1607
1534,Antony and Cleopatra,ANTONY,Tragedy,1607
1534,Antony and Cleopatra,CAESAR,Tragedy,1607
1534,Antony and Cleopatra,CANIDIUS,Tragedy,1607
1534,Antony and Cleopatra,CAPTAIN,Tragedy,1607
1534,Antony and Cleopatra,CHARMIAN,Tragedy,1607
1534,Antony and Cleopatra,CLEOPATRA,Tragedy,1607
1534,Antony and Cleopatra,CLOWN,Tragedy,1607
1534,Antony and Cleopatra,DEMETRIUS,Tragedy,1607
1534,Antony and Cleopatra,DERCETUS,Tragedy,1607
1534,Antony and Cleopatra,DIOMEDES,Tragedy,1607
1534,Antony and Cleopatra,DOLABELLA,Tragedy,1607
1534,Antony and Cleopatra,EGYPTIAN,Tragedy,1607
1534,Antony and Cleopatra,ENOBARBUS,Tragedy,1607
1534,Antony and Cleopatra,EROS,Tragedy,1607
1534,Antony and Cleopatra,FIRST GUARD,Tragedy,1607
1534,Antony and Cleopatra,FIRST SERVANT,Tragedy,1607
1534,Antony and Cleopatra,FIRST SOLDIER,Tragedy,1607
1534,Antony and Cleopatra,FIRST WATCH,Tragedy,1607
1534,Antony and Cleopatra,FOURTH SOLDIER,Tragedy,1607
1534,Antony and Cleopatra,GUARDSMAN,Tragedy,1607
1534,Antony and Cleopatra,IRAS,Tragedy,1607
1534,Antony and Cleopatra,LEPIDUS,Tragedy,1607
1534,Antony and Cleopatra,MAECENAS,Tragedy,1607
1534,Antony and Cleopatra,MARDIAN,Tragedy,1607
1534,Antony and Cleopatra,MENAS,Tragedy,1607
1534,Antony and Cleopatra,MENECRATES,Tragedy,1607
1534,Antony and Cleopatra,MESSENGER,Tragedy,1607
1534,Antony and Cleopatra,OCTAVIA,Tragedy,1607
1534,Antony and Cleopatra,OFFICER,Tragedy,1607
1534,Antony and Cleopatra,PHILO,Tragedy,1607
1534,Antony and Cleopatra,POMPEY,Tragedy,1607
1534,Antony and Cleopatra,PROCULEIUS,Tragedy,1607
1534,Antony and Cleopatra,SCARUS,Tragedy,1607
1534,Antony and Cleopatra,SECOND GUARD,Tragedy,1607
1534,Antony and Cleopatra,SECOND MESSENGER,Tragedy,1607
1534,Antony and Cleopatra,SECOND SERVANT,Tragedy,1607
1534,Antony and Cleopatra,SECOND SOLDIER,Tragedy,1607
1534,Antony and Cleopatra,SECOND WATCH,Tragedy,1607
1534,Antony and Cleopatra,SELEUCUS,Tragedy,1607
1534,Antony and Cleopatra,SENTRY,Tragedy,1607
1534,Antony and Cleopatra,SERVANT,Tragedy,1607
1534,Antony and Cleopatra,SILIUS,Tragedy,1607
1534,Antony and Cleopatra,SOLDIER,Tragedy,1607
1534,Antony and Cleopatra,SOOTHSAYER,Tragedy,1607
1534,Antony and Cleopatra,TAURUS,Tragedy,1607
1534,Antony and Cleopatra,THE SONG,Tragedy,1607
1534,Antony and Cleopatra,THIDIAS,Tragedy,1607
1534,Antony and Cleopatra,THIRD GUARD,Tragedy,1607
1534,Antony and Cleopatra,THIRD MESSENGER,Tragedy,1607
1534,Antony and Cleopatra,THIRD SOLDIER,Tragedy,1607
1534,Antony and Cleopatra,VARRIUS,Tragedy,1607
1534,Antony and Cleopatra,VENTIDIUS,Tragedy,1607
1535,Coriolanus,AEDILE,Tragedy,1608
1535,Coriolanus,AEDILES,Tragedy,1608
1535,Coriolanus,AUFIDIUS,Tragedy,1608
1535,Coriolanus,BRUTUS,Tragedy,1608
1535,Coriolanus,CITIZEN,Tragedy,1608
1535,Coriolanus,CITIZENS,Tragedy,1608
1535,Coriolanus,COMINIUS,Tragedy,1608
1535,Coriolanus,CORIOLANUS,Tragedy,1608
1535,Coriolanus,FIFTH CITIZEN,Tragedy,1608
1535,Coriolanus,FIRST,Tragedy,1608
1535,Coriolanus,FIRST CITIZEN,Tragedy,1608
1535,Coriolanus,FIRST CONSPIRATOR,Tragedy,1608
1535,Coriolanus,FIRST LORD,Tragedy,1608
1535,Coriolanus,FIRST OFFICER,Tragedy,1608
1535,Coriolanus,FIRST PATRICIAN,Tragedy,1608
1535,Coriolanus,FIRST ROMAN,Tragedy,1608
1535,Coriolanus,FIRST SENATOR,Tragedy,1608
1535,Coriolanus,FIRST SERVINGMAN,Tragedy,1608
1535,Coriolanus,FIRST SOLDIER,Tragedy,1608
1535,Coriolanus,FIRST WATCH,Tragedy,1608
1535,Coriolanus,FOURTH CITIZEN,Tragedy,1608
1535,Coriolanus,GENTLEWOMAN,Tragedy,1608
1535,Coriolanus,HERALD,Tragedy,1608
1535,Coriolanus,LARTIUS,Tragedy,1608
1535,Coriolanus,LIEUTENANT,Tragedy,1608
1535,Coriolanus,LORDS,Tragedy,1608
1535,Coriolanus,MARTIUS,Tragedy,1608
1535,Coriolanus,MENENIUS,Tragedy,1608
1535,Coriolanus,MESSENGER,Tragedy,1608
1535,Coriolanus,OFFICER,Tragedy,1608
1535,Coriolanus,PATRICIAN,Tragedy,1608
1535,Coriolanus,ROMAN,Tragedy,1608
1535,Coriolanus,SECOND CITIZEN,Tragedy,1608
1535,Coriolanus,SECOND CONSPIRATOR,Tragedy,1608
1535,Coriolanus,SECOND LORD,Tragedy,1608
1535,Coriolanus,SECOND MESSENGER,Tragedy,1608
1535,Coriolanus,SECOND OFFICER,Tragedy,1608
1535,Coriolanus,SECOND ROMAN,Tragedy,1608
1535,Coriolanus,SECOND SENATOR,Tragedy,1608
1535,Coriolanus,SECOND SERVINGMAN,Tragedy,1608
1535,Coriolanus,SECOND SOLDIER,Tragedy,1608
1535,Coriolanus,SECOND WATCH,Tragedy,1608
1535,Coriolanus,SENATOR,Tragedy,1608
1535,Coriolanus,SENATORS,Tragedy,1608
1535,Coriolanus,SEVENTH CITIZEN,Tragedy,1608
1535,Coriolanus,SICINIUS,Tragedy,1608
1535,Coriolanus,SIXTH CITIZEN,Tragedy,1608
1535,Coriolanus,SOLDIER,Tragedy,1608
1535,Coriolanus,THIRD CITIZEN,Tragedy,1608
1535,Coriolanus,THIRD CONSPIRATOR,Tragedy,1608
1535,Coriolanus,THIRD LORD,Tragedy,1608
1535,Coriolanus,THIRD ROMAN,Tragedy,1608
1535,Coriolanus,THIRD SERVINGMAN,Tragedy,1608
1535,Coriolanus,TITUS LARTIUS,Tragedy,1608
1535,Coriolanus,TRIBUNES,Tragedy,1608
1535,Coriolanus,VALERIA,Tragedy,1608
1535,Coriolanus,VIRGILIA,Tragedy,1608
1535,Coriolanus,VOLSCE,Tragedy,1608
1535,Coriolanus,VOLUMNIA,Tragedy,1608
1535,Coriolanus,YOUNG MARTIUS,Tragedy,1608
1536,Timon of Athens,ALCIBIADES,Tragedy,1604
1536,Timon of Athens,APEMANTUS,Tragedy,1604
1536,Timon of Athens,BANDITTI,Tragedy,1604
1536,Timon of Athens,CAPHIS,Tragedy,1604
1536,Timon of Athens,CUPID,Tragedy,1604
1536,Timon of Athens,FIRST,Tragedy,1604
1536,Timon of Athens,FIRST BANDIT,Tragedy,1604
1536,Timon of Athens,FIRST FRIEND,Tragedy,1604
1536,Timon of Athens,FIRST LADY,Tragedy,1604
1536,Timon of Athens,FIRST LORD,Tragedy,1604
1536,Timon of Athens,FIRST SENATOR,Tragedy,1604
1536,Timon of Athens,FIRST SERVANT,Tragedy,1604
1536,Timon of Athens,FIRST STRANGER,Tragedy,1604
1536,Timon of Athens,FIRST VARRO'S SERVANT,Tragedy,1604
1536,Timon of Athens,FLAMINIUS,Tragedy,1604
1536,Timon of Athens,FLAVIUS,Tragedy,1604
1536,Timon of Athens,FOOL,Tragedy,1604
1536,Timon of Athens,FOURTH FRIEND,Tragedy,1604
1536,Timon of Athens,HORTENSIUS,Tragedy,1604
1536,Timon of Athens,ISIDORE'S SERVANT,Tragedy,1604
1536,Timon of Athens,JEWELLER,Tragedy,1604
1536,Timon of Athens,LUCILIUS,Tragedy,1604
1536,Timon of Athens,LUCIUS,Tragedy,1604
1536,Timon of Athens,LUCULLUS,Tragedy,1604
1536,Timon of Athens,MERCHANT,Tragedy,1604
1536,Timon of Athens,MESSENGER,Tragedy,1604
1536,Timon of Athens,OLD ATHENIAN,Tragedy,1604
1536,Timon of Athens,PAGE,Tragedy,1604
1536,Timon of Athens,PAINTER,Tragedy,1604
1536,Timon of Athens,PHILOTUS,Tragedy,1604
1536,Timon of Athens,PHRYNIA,Tragedy,1604
1536,Timon of Athens,POET,Tragedy,1604
1536,Timon of Athens,SECOND BANDIT,Tragedy,1604
1536,Timon of Athens,SECOND FRIEND,Tragedy,1604
1536,Timon of Athens,SECOND FRIENDS,Tragedy,1604
1536,Timon of Athens,SECOND LORD,Tragedy,1604
1536,Timon of Athens,SECOND SENATOR,Tragedy,1604
1536,Timon of Athens,SECOND SERVANT,Tragedy,1604
1536,Timon of Athens,SECOND STRANGER,Tragedy,1604
1536,Timon of Athens,SECOND VARRO'S SERVANT,Tragedy,1604
1536,Timon of Athens,SEMPRONIUS,Tragedy,1604
1536,Timon of Athens,SENATOR,Tragedy,1604
1536,Timon of Athens,SERVANT,Tragedy,1604
1536,Timon of Athens,SERVANTS,Tragedy,1604
1536,Timon of Athens,SERVILIUS,Tragedy,1604
1536,Timon of Athens,SOLDIER,Tragedy,1604
1536,Timon of Athens,SOME OTHER,Tragedy,1604
1536,Timon of Athens,SOME SPEAK,Tragedy,1604
1536,Timon of Athens,THIRD BANDIT,Tragedy,1604
1536,Timon of Athens,THIRD FRIEND,Tragedy,1604
1536,Timon of Athens,THIRD LORD,Tragedy,1604
1536,Timon of Athens,THIRD SENATOR,Tragedy,1604
1536,Timon of Athens,THIRD SERVANT,Tragedy,1604
1536,Timon of Athens,THIRD STRANGER,Tragedy,1604
1536,Timon of Athens,TIMANDRA,Tragedy,1604
1536,Timon of Athens,TIMON,Tragedy,1604
1536,Timon of Athens,TITUS,Tragedy,1604
1536,Timon of Athens,VARRO'S SERVANT,Tragedy,1604
1536,Timon of Athens,VENTIDIUS,Tragedy,1604
1537,Pericles,ANTIOCHUS,History,1608
1537,Pericles,BAWD,History,1608
1537,Pericles,BOULT,History,1608
1537,Pericles,CERIMON,History,1608
1537,Pericles,CLEON,History,1608
1537,Pericles,DAUGHTER,History,1608
1537,Pericles,DIANA,History,1608
1537,Pericles,DIONYZA,History,1608
1537,Pericles,ESCANES,History,1608
1537,Pericles,FIRST FISHERMAN,History,1608
1537,Pericles,FIRST GENTLEMAN,History,1608
1537,Pericles,FIRST KNIGHT,History,1608
1537,Pericles,FIRST LORD,History,1608
1537,Pericles,FIRST PIRATE,History,1608
1537,Pericles,FIRST SAILOR,History,1608
1537,Pericles,FIRST SERVANT,History,1608
1537,Pericles,GOWER,History,1608
1537,Pericles,HELCANUS,History,1608
1537,Pericles,HELICANUS,History,1608
1537,Pericles,KNIGHTS,History,1608
1537,Pericles,LEONINE,History,1608
1537,Pericles,LORD,History,1608
1537,Pericles,LYCHORIDA,History,1608
1537,Pericles,LYSIMACHUS,History,1608
1537,Pericles,MARINA,History,1608
1537,Pericles,MARSHALL,History,1608
1537,Pericles,MESSENGER,History,1608
1537,Pericles,PANDAR,History,1608
1537,Pericles,PERICLES,History,1608
1537,Pericles,PHILEMON,History,1608
1537,Pericles,SECOND FISHERMAN,History,1608
1537,Pericles,SECOND GENTLEMAN,History,1608
1537,Pericles,SECOND KNIGHT,History,1608
1537,Pericles,SECOND LORD,History,1608
1537,Pericles,SECOND PIRATE,History,1608
1537,Pericles,SECOND SAILOR,History,1608
1537,Pericles,SERVANT,History,1608
1537,Pericles,SIMONIDES,History,1608
1537,Pericles,THAISA,History,1608
1537,Pericles,THALIARD,History,1608
1537,Pericles,THIRD FISHERMAN,History,1608
1537,Pericles,THIRD KNIGHT,History,1608
1537,Pericles,THIRD LORD,History,1608
1537,Pericles,THIRD PIRATE,History,1608
1537,Pericles,TYRIAN SAILOR,History,1608
1538,Cymbeline,ARVIRAGUS,Tragedy,1610
1538,Cymbeline,ATTENDANT,Tragedy,1610
1538,Cymbeline,BELARIUS,Tragedy,1610
1538,Cymbeline,BROTHERS,Tragedy,1610
1538,Cymbeline,CAPTAIN,Tragedy,1610
1538,Cymbeline,CLOTEN,Tragedy,1610
1538,Cymbeline,CORNELIUS,Tragedy,1610
1538,Cymbeline,CYMBELINE,Tragedy,1610
1538,Cymbeline,FIRST BROTHER,Tragedy,1610
1538,Cymbeline,FIRST CAPTAIN,Tragedy,1610
1538,Cymbeline,FIRST GENTLEMAN,Tragedy,1610
1538,Cymbeline,FIRST LORD,Tragedy,1610
1538,Cymbeline,FIRST SENATOR,Tragedy,1610
1538,Cymbeline,FRENCHMAN,Tragedy,1610
1538,Cymbeline,GAOLER,Tragedy,1610
1538,Cymbeline,GUIDERIUS,Tragedy,1610
1538,Cymbeline,IACHIMO,Tragedy,1610
1538,Cymbeline,IMOGEN,Tragedy,1610
1538,Cymbeline,JUPITER,Tragedy,1610
1538,Cymbeline,LADIES,Tragedy,1610
1538,Cymbeline,LADY,Tragedy,1610
1538,Cymbeline,LEONATUS,Tragedy,1610
1538,Cymbeline,LEONATUS POSTHUMUS,Tragedy,1610
1538,Cymbeline,LORD,Tragedy,1610
1538,Cymbeline,LUCIUS,Tragedy,1610
1538,Cymbeline,MESSENGER,Tragedy,1610
1538,Cymbeline,MOTHER,Tragedy,1610
1538,Cymbeline,PHILARIO,Tragedy,1610
1538,Cymbeline,PISANIO,Tragedy,1610
1538,Cymbeline,POSTHUMUS,Tragedy,1610
1538,Cymbeline,QUEEN,Tragedy,1610
1538,Cymbeline,SECOND BROTHER,Tragedy,1610
1538,Cymbeline,SECOND CAPTAIN,Tragedy,1610
1538,Cymbeline,SECOND GAOLER,Tragedy,1610
1538,Cymbeline,SECOND GENTLEMAN,Tragedy,1610
1538,Cymbeline,SECOND LORD,Tragedy,1610
1538,Cymbeline,SECOND SENATOR,Tragedy,1610
1538,Cymbeline,SICILIUS,Tragedy,1610
1538,Cymbeline,SONG,Tragedy,1610
1538,Cymbeline,SOOTHSAYER,Tragedy,1610
1538,Cymbeline,TRIBUNE,Tragedy,1610
1539,Winter's Tale,ANTIGONUS,Comedy,1611
1539,Winter's Tale,ARCHIDAMUS,Comedy,1611
1539,Winter's Tale,AUTOLYCUS,Comedy,1611
1539,Winter's Tale,CAMILLO,Comedy,1611
1539,Winter's Tale,CLEOMENES,Comedy,1611
1539,Winter's Tale,CLOWN,Comedy,1611
1539,Winter's Tale,DION,Comedy,1611
1539,Winter's Tale,DORCAS,Comedy,1611
1539,Winter's Tale,EMILIA,Comedy,1611
1539,Winter's Tale,FIRST ATTENDANT,Comedy,1611
1539,Winter's Tale,FIRST GENTLEMAN,Comedy,1611
1539,Winter's Tale,FIRST LADY,Comedy,1611
1539,Winter's Tale,FIRST LORD,Comedy,1611
1539,Winter's Tale,FLORIZEL,Comedy,1611
1539,Winter's Tale,GAOLER,Comedy,1611
1539,Winter's Tale,HERMIONE,Comedy,1611
1539,Winter's Tale,LEONTES,Comedy,1611
1539,Winter's Tale,LORD,Comedy,1611
1539,Winter's Tale,LORDS,Comedy,1611
1539,Winter's Tale,MAMILLIUS,Comedy,1611
1539,Winter's Tale,MARINER,Comedy,1611
1539,Winter's Tale,MOPSA,Comedy,1611
1539,Winter's Tale,OFFICER,Comedy,1611
1539,Winter's Tale,PAULINA,Comedy,1611
1539,Winter's Tale,PERDITA,Comedy,1611
1539,Winter's Tale,POLIXENES,Comedy,1611
1539,Winter's Tale,SECOND GENTLEMAN,Comedy,1611
1539,Winter's Tale,SECOND LADY,Comedy,1611
1539,Winter's Tale,SERVANT,Comedy,1611
1539,Winter's Tale,SHEPHERD,Comedy,1611
1539,Winter's Tale,SONG,Comedy,1611
1539,Winter's Tale,THIRD GENTLEMAN,Comedy,1611
1539,Winter's Tale,TIME,Comedy,1611
1540,Tempest,ADRIAN,Comedy,1611
1540,Tempest,ALONSO,Comedy,1611
1540,Tempest,ANTONIO,Comedy,1611
1540,Tempest,ARIEL,Comedy,1611
1540,Tempest,ARIEL'S SONG,Comedy,1611
1540,Tempest,BOATSWAIN,Comedy,1611
1540,Tempest,CALIBAN,Comedy,1611
1540,Tempest,CERES,Comedy,1611
1540,Tempest,FERDINAND,Comedy,1611
1540,Tempest,FRANCISCO,Comedy,1611
1540,Tempest,GONZALO,Comedy,1611
1540,Tempest,IRIS,Comedy,1611
1540,Tempest,JUNO,Comedy,1611
1540,Tempest,MARINERS,Comedy,1611
1540,Tempest,MASTER,Comedy,1611
1540,Tempest,MIRANDA,Comedy,1611
1540,Tempest,PROSPERO,Comedy,1611
1540,Tempest,SEBASTIAN,Comedy,1611
1540,Tempest,STEPHANO,Comedy,1611
1540,Tempest,TRINCULO,Comedy,1611
1541,Henry VIII,ABERGAVENNY,History,1613
1541,Henry VIII,ANNE,History,1613
1541,Henry VIII,BRANDON,History,1613
1541,Henry VIII,BUCKINGHAM,History,1613
1541,Henry VIII,BUTTS,History,1613
1541,Henry VIII,CAMPEIUS,History,1613
1541,Henry VIII,CAPUTIUS,History,1613
1541,Henry VIII,CHAMBERLAIN,History,1613
1541,Henry VIII,CHANCELLOR,History,1613
1541,Henry VIII,CRANMER,History,1613
1541,Henry VIII,CRIER,History,1613
1541,Henry VIII,CROMWELL,History,1613
1541,Henry VIII,DENNY,History,1613
1541,Henry VIII,EPILOGUE,History,1613
1541,Henry VIII,FIRST GENTLEMAN,History,1613
1541,Henry VIII,GARDINER,History,1613
1541,Henry VIII,GARTER,History,1613
1541,Henry VIII,GENTLEMAN,History,1613
1541,Henry VIII,GENTLEMAN USHER,History,1613
1541,Henry VIII,GRIFFITH,History,1613
1541,Henry VIII,GUILDFORD,History,1613
1541,Henry VIII,KEEPER,History,1613
1541,Henry VIII,KING,History,1613
1541,Henry VIII,LINCOLN,History,1613
1541,Henry VIII,LOVELL,History,1613
1541,Henry VIII,MESSENGER,History,1613
1541,Henry VIII,NORFOLK,History,1613
1541,Henry VIII,OLD LADY,History,1613
1541,Henry VIII,ONE,History,1613
1541,Henry VIII,PAGE,History,1613
1541,Henry VIII,PATIENCE,History,1613
1541,Henry VIII,PORTER,History,1613
1541,Henry VIII,PORTER'S MAN,History,1613
1541,Henry VIII,QUEEN KATHERINE,History,1613
1541,Henry VIII,SANDYS,History,1613
1541,Henry VIII,SCRIBE,History,1613
1541,Henry VIII,SECOND GENTLEMAN,History,1613
1541,Henry VIII,SECRETARY,History,1613
1541,Henry VIII,SERGEANT,History,1613
1541,Henry VIII,SERVANT,History,1613
1541,Henry VIII,SUFFOLK,History,1613
1541,Henry VIII,SURREY,History,1613
1541,Henry VIII,SURVEYOR,History,1613
1541,Henry VIII,THIRD GENTLEMAN,History,1613
1541,Henry VIII,VAUX,History,1613
1541,Henry VIII,WOLSEY,History,1613
1541,Henry VIII,WOMAN,History,1613
